pattern_id,feature,condition,support_count,support_pct,true_count,false_count,true_rate,false_rate,base_true_rate,lift_TRUE,lift_FALSE,purity,direction,z_score,approx_p_value,confidence,log_odds_ratio_vs_rest,abs_log_odds_ratio
"byte_length__quantile_(15.999,96.0]",byte_length,"byte_length in quantile bin (15.999, 96.0]",1001,0.2042857142857143,40,961,0.03996003996003996,0.9600399600399601,0.2857142857142857,0.13986013986013987,1.344055944055944,0.9600399600399601,FALSE,-17.211396452123452,2.1810827220352655e-66,1.0,-2.5430776588983424,2.5430776588983424
"char_length__quantile_(15.999,96.0]",char_length,"char_length in quantile bin (15.999, 96.0]",1017,0.20755102040816326,42,975,0.04129793510324484,0.9587020648967551,0.2857142857142857,0.14454277286135694,1.3421828908554572,0.9587020648967551,FALSE,-17.253959401953157,1.0448718758868944e-66,1.0,-2.51338817109109,2.51338817109109
byte_length__lte_p10,byte_length,byte_length <= p10 (81),491,0.10020408163265306,18,473,0.03665987780040733,0.9633401221995926,0.2857142857142857,0.12830957230142567,1.3486761710794297,0.9633401221995926,FALSE,-12.216112361221795,2.5498976777315176e-34,1.0,-2.4585374385110965,2.4585374385110965
char_length__lte_p05,char_length,char_length <= p05 (71),256,0.052244897959183675,9,247,0.03515625,0.96484375,0.2857142857142857,0.123046875,1.35078125,0.96484375,FALSE,-8.874141683847514,7.047479660266417e-19,1.0,-2.4107697454331567,2.4107697454331567
char_length__lte_p10,char_length,char_length <= p10 (81),507,0.10346938775510205,20,487,0.03944773175542406,0.960552268244576,0.2857142857142857,0.13806706114398423,1.3447731755424064,0.960552268244576,FALSE,-12.274602955372181,1.2399860250348194e-34,1.0,-2.3882089627406495,2.3882089627406495
byte_length__lte_p05,byte_length,byte_length <= p05 (71),248,0.05061224489795919,9,239,0.036290322580645164,0.9637096774193549,0.2857142857142857,0.1270161290322581,1.3491935483870967,0.9637096774193549,FALSE,-8.694849235369551,3.472906112753059e-18,1.0,-2.3754567079742697,2.3754567079742697
"word_count__quantile_(-0.001,16.0]",word_count,"word_count in quantile bin (-0.001, 16.0]",1129,0.2304081632653061,65,1064,0.05757307351638618,0.9424269264836138,0.2857142857142857,0.20150575730735165,1.3193976970770593,0.9424269264836138,FALSE,-16.968707196335522,1.3997986642305755e-64,1.0,-2.1869535119587824,2.1869535119587824
"raw_token_count__quantile_(0.999,16.0]",raw_token_count,"raw_token_count in quantile bin (0.999, 16.0]",1175,0.23979591836734693,71,1104,0.06042553191489362,0.9395744680851064,0.2857142857142857,0.21148936170212768,1.315404255319149,0.9395744680851064,FALSE,-17.09450328477524,1.630795915210445e-65,1.0,-2.1482441652435984,2.1482441652435984
word_count__lte_p10,word_count,word_count <= p10 (14),645,0.13163265306122449,36,609,0.05581395348837209,0.9441860465116279,0.2857142857142857,0.19534883720930232,1.3218604651162789,0.9441860465116279,FALSE,-12.92461146013097,3.269440235062993e-38,1.0,-2.064339350883001,2.064339350883001
"token_entropy__quantile_(-0.001,3.875]",token_entropy,"token_entropy in quantile bin (-0.001, 3.875]",1009,0.20591836734693877,75,934,0.07433102081268583,0.9256689791873142,0.2857142857142857,0.2601585728444004,1.29593657086224,0.9256689791873142,FALSE,-14.863265124078962,5.707430969081673e-50,1.0,-1.8551256143693609,1.8551256143693609
rare_token_ratio__lte_p05,rare_token_ratio,rare_token_ratio <= p05 (0),632,0.12897959183673469,44,588,0.06962025316455696,0.930379746835443,0.2857142857142857,0.24367088607594936,1.30253164556962,0.930379746835443,FALSE,-12.0253950696964,2.6133509063493543e-33,1.0,-1.8179837717531673,1.8179837717531673
rare_token_ratio__lte_p10,rare_token_ratio,rare_token_ratio <= p10 (0),632,0.12897959183673469,44,588,0.06962025316455696,0.930379746835443,0.2857142857142857,0.24367088607594936,1.30253164556962,0.930379746835443,FALSE,-12.0253950696964,2.6133509063493543e-33,1.0,-1.8179837717531673,1.8179837717531673
rare_token_ratio__eq_0,rare_token_ratio,rare_token_ratio == 0,632,0.12897959183673469,44,588,0.06962025316455696,0.930379746835443,0.2857142857142857,0.24367088607594936,1.30253164556962,0.930379746835443,FALSE,-12.0253950696964,2.6133509063493543e-33,1.0,-1.8179837717531673,1.8179837717531673
word_count__lte_p05,word_count,word_count <= p05 (12),304,0.062040816326530614,20,284,0.06578947368421052,0.9342105263157895,0.2857142857142857,0.23026315789473684,1.3078947368421052,0.9342105263157895,FALSE,-8.488072126287136,2.1009317002303736e-17,1.0,-1.7844603079411772,1.7844603079411772
raw_token_count__lte_p10,raw_token_count,raw_token_count <= p10 (13),531,0.1083673469387755,39,492,0.07344632768361582,0.9265536723163842,0.2857142857142857,0.2570621468926554,1.2971751412429378,0.9265536723163842,FALSE,-10.82753865014293,2.5491542205844947e-27,1.0,-1.7303392061584753,1.7303392061584753
char_entropy__lte_p10,char_entropy,char_entropy <= p10 (4.04045),490,0.1,37,453,0.07551020408163266,0.9244897959183673,0.2857142857142857,0.2642857142857143,1.2942857142857143,0.9244897959183673,FALSE,-10.299999999999997,7.04613015785317e-25,1.0,-1.6883876775090427,1.6883876775090427
"char_entropy__quantile_(1.745,4.097]",char_entropy,"char_entropy in quantile bin (1.745, 4.097]",980,0.2,90,890,0.09183673469387756,0.9081632653061225,0.2857142857142857,0.32142857142857145,1.2714285714285714,0.9081632653061225,FALSE,-13.435028842544401,3.769214485655008e-41,1.0,-1.5973002219366899,1.5973002219366899
raw_token_count__lte_p05,raw_token_count,raw_token_count <= p05 (12),373,0.07612244897959183,31,342,0.08310991957104558,0.9168900804289544,0.2857142857142857,0.29088471849865954,1.283646112600536,0.9168900804289544,FALSE,-8.66166247223025,4.6493326456762254e-18,1.0,-1.5506325902350704,1.5506325902350704
char_entropy__lte_p05,char_entropy,char_entropy <= p05 (3.98924),245,0.05,20,225,0.08163265306122448,0.9183673469387755,0.2857142857142857,0.2857142857142857,1.2857142857142858,0.9183673469387755,FALSE,-7.071067811865475,1.5374597944280487e-12,0.9999999999984626,-1.5338704959966485,1.5338704959966485
token_entropy__lte_p10,token_entropy,token_entropy <= p10 (3.66388),490,0.1,43,447,0.08775510204081632,0.9122448979591836,0.2857142857142857,0.30714285714285716,1.2771428571428571,0.9122448979591836,FALSE,-9.7,3.0149863376204344e-22,1.0,-1.5202718987651727,1.5202718987651727
"token_entropy__quantile_(3.875,4.17]",token_entropy,"token_entropy in quantile bin (3.875, 4.17]",959,0.1957142857142857,95,864,0.09906152241918666,0.9009384775808134,0.2857142857142857,0.3467153284671533,1.2613138686131387,0.9009384775808134,FALSE,-12.795043520290635,1.7475454634652302e-37,1.0,-1.5001588868053197,1.5001588868053197
"compression_ratio__quantile_(0.918,1.5]",compression_ratio,"compression_ratio in quantile bin (0.918, 1.5]",980,0.2,98,882,0.1,0.9,0.2857142857142857,0.35000000000000003,1.26,0.9,FALSE,-12.869343417595163,6.696900427988825e-38,1.0,-1.4943861005373882,1.4943861005373882
compression_ratio__gte_p95,compression_ratio,compression_ratio >= p95 (1.04225),248,0.05061224489795919,22,226,0.08870967741935484,0.9112903225806451,0.2857142857142857,0.310483870967742,1.275806451612903,0.9112903225806451,FALSE,-6.867525262116365,6.532518742194018e-12,0.9999999999934674,-1.4440604015184575,1.4440604015184575
compression_ratio__gte_p90,compression_ratio,compression_ratio >= p90 (0.987179),491,0.10020408163265306,47,444,0.09572301425661914,0.9042769857433809,0.2857142857142857,0.335030549898167,1.2659877800407333,0.9042769857433809,FALSE,-9.319067023221766,1.1736777326736296e-20,1.0,-1.4216437034989395,1.4216437034989395
max_word_length__lte_p05,max_word_length,max_word_length <= p05 (7),272,0.05551020408163265,25,247,0.09191176470588236,0.9080882352941176,0.2857142857142857,0.32169117647058826,1.2713235294117646,0.9080882352941176,FALSE,-7.075252022116991,1.4917739773902219e-12,0.9999999999985082,-1.411818091273955,1.411818091273955
hapax_token_ratio__lte_p05,hapax_token_ratio,hapax_token_ratio <= p05 (0),1179,0.24061224489795918,134,1045,0.11365564037319763,0.8863443596268024,0.2857142857142857,0.39779474130619175,1.2408821034775233,0.8863443596268024,FALSE,-13.077702147894389,4.4158835305719256e-39,1.0,-1.388613103789225,1.388613103789225
hapax_token_ratio__lte_p10,hapax_token_ratio,hapax_token_ratio <= p10 (0),1179,0.24061224489795918,134,1045,0.11365564037319763,0.8863443596268024,0.2857142857142857,0.39779474130619175,1.2408821034775233,0.8863443596268024,FALSE,-13.077702147894389,4.4158835305719256e-39,1.0,-1.388613103789225,1.388613103789225
hapax_token_ratio__eq_0,hapax_token_ratio,hapax_token_ratio == 0,1179,0.24061224489795918,134,1045,0.11365564037319763,0.8863443596268024,0.2857142857142857,0.39779474130619175,1.2408821034775233,0.8863443596268024,FALSE,-13.077702147894389,4.4158835305719256e-39,1.0,-1.388613103789225,1.388613103789225
"char_length__quantile_(96.0,122.0]",char_length,"char_length in quantile bin (96.0, 122.0]",967,0.1973469387755102,108,859,0.11168562564632885,0.8883143743536711,0.2857142857142857,0.390899689762151,1.2436401240951396,0.8883143743536711,FALSE,-11.979316887537339,4.5606610276554045e-33,1.0,-1.3548320416206034,1.3548320416206034
"byte_length__quantile_(96.0,123.0]",byte_length,"byte_length in quantile bin (96.0, 123.0]",1000,0.20408163265306123,113,887,0.113,0.887,0.2857142857142857,0.3955,1.2418,0.887,FALSE,-12.09,1.1928672458153326e-33,1.0,-1.3486177188130282,1.3486177188130282
max_repeated_char_run__lte_p05,max_repeated_char_run,max_repeated_char_run <= p05 (1),431,0.08795918367346939,46,385,0.10672853828306264,0.8932714617169374,0.2857142857142857,0.37354988399071926,1.2505800464037122,0.8932714617169374,FALSE,-8.225363975472593,1.945990015904006e-16,0.9999999999999998,-1.2821316099509468,1.2821316099509468
token_entropy__lte_p05,token_entropy,token_entropy <= p05 (3.45943),289,0.05897959183673469,31,258,0.10726643598615918,0.8927335640138409,0.2857142857142857,0.37543252595155713,1.2498269896193772,0.8927335640138409,FALSE,-6.715189619534028,1.8782181427776335e-11,0.9999999999812178,-1.2430092206294303,1.2430092206294303
stopword_ratio__gte_p95,stopword_ratio,stopword_ratio >= p95 (0.5625),265,0.05408163265306123,32,233,0.12075471698113208,0.879245283018868,0.2857142857142857,0.4226415094339623,1.2309433962264151,0.879245283018868,FALSE,-5.944269477626456,2.776924520756084e-09,0.9999999972230755,-1.1016320707556169,1.1016320707556169
"word_count__quantile_(16.0,20.0]",word_count,"word_count in quantile bin (16.0, 20.0]",861,0.1757142857142857,116,745,0.13472706155632985,0.8652729384436701,0.2857142857142857,0.4715447154471545,1.2113821138211383,0.8652729384436701,FALSE,-9.807082226055712,1.0495956999475769e-22,1.0,-1.092934484425686,1.092934484425686
"raw_token_count__quantile_(16.0,20.0]",raw_token_count,"raw_token_count in quantile bin (16.0, 20.0]",889,0.18142857142857144,124,765,0.13948256467941508,0.8605174353205849,0.2857142857142857,0.48818897637795283,1.2047244094488188,0.8605174353205849,FALSE,-9.651404369272512,4.848709667919796e-22,1.0,-1.054031222370634,1.054031222370634
max_word_length__lte_p10,max_word_length,max_word_length <= p10 (8),687,0.14020408163265305,93,594,0.13537117903930132,0.8646288209606987,0.2857142857142857,0.47379912663755464,1.210480349344978,0.8646288209606987,FALSE,-8.722880618706734,2.7121217323988856e-18,1.0,-1.050926588633868,1.050926588633868
token_entropy__gte_p95,token_entropy,token_entropy >= p95 (5),246,0.05020408163265306,170,76,0.6910569105691057,0.3089430894308943,0.2857142857142857,2.41869918699187,0.43252032520325207,0.6910569105691057,TRUE,14.073038282619182,5.562717655771354e-45,1.0,1.8249794406979307,1.8249794406979307
token_entropy__gte_p90,token_entropy,token_entropy >= p90 (4.875),502,0.10244897959183673,323,179,0.6434262948207171,0.3565737051792829,0.2857142857142857,2.25199203187251,0.49920318725099605,0.6434262948207171,TRUE,17.741217455765234,2.015210950592612e-70,1.0,1.7147968511400147,1.7147968511400147
"token_entropy__quantile_(4.685,6.523]",token_entropy,"token_entropy in quantile bin (4.685, 6.523]",980,0.2,576,404,0.5877551020408164,0.4122448979591837,0.2857142857142857,2.0571428571428574,0.5771428571428572,0.5877551020408164,TRUE,20.93036072312181,2.8334416144044e-97,1.0,1.6775741815890293,1.6775741815890293
char_length__gte_p90,char_length,char_length >= p90 (220),492,0.10040816326530612,301,191,0.6117886178861789,0.3882113821138211,0.2857142857142857,2.1412601626016263,0.5434959349593496,0.6117886178861789,TRUE,16.010216504480045,1.0843185321828792e-57,1.0,1.555823797110701,1.555823797110701
raw_token_count__gte_p95,raw_token_count,raw_token_count >= p95 (41),260,0.053061224489795916,163,97,0.6269230769230769,0.3730769230769231,0.2857142857142857,2.1942307692307694,0.5223076923076923,0.6269230769230769,TRUE,12.178811992081227,4.031108207170357e-34,1.0,1.5286717107786671,1.5286717107786671
byte_length__gte_p90,byte_length,byte_length >= p90 (221),494,0.10081632653061225,299,195,0.6052631578947368,0.39473684210526316,0.2857142857142857,2.118421052631579,0.5526315789473684,0.6052631578947368,TRUE,15.721674612826046,1.0744581447241085e-55,1.0,1.5254688986613185,1.5254688986613185
"byte_length__quantile_(188.0,1163.0]",byte_length,"byte_length in quantile bin (188.0, 1163.0]",979,0.19979591836734695,548,431,0.5597548518896833,0.4402451481103167,0.2857142857142857,1.9591419816138917,0.6163432073544434,0.5597548518896833,TRUE,18.980351110929895,2.4793361197448972e-80,1.0,1.5210165209016815,1.5210165209016815
"char_length__quantile_(188.0,1163.0]",char_length,"char_length in quantile bin (188.0, 1163.0]",959,0.1957142857142857,537,422,0.5599582898852972,0.44004171011470283,0.2857142857142857,1.9598540145985401,0.6160583941605839,0.5599582898852972,TRUE,18.799421485119762,7.634451086680014e-79,1.0,1.5119431599691209,1.5119431599691209
raw_token_count__gte_p90,raw_token_count,raw_token_count >= p90 (36),508,0.1036734693877551,304,204,0.5984251968503937,0.4015748031496063,0.2857142857142857,2.0944881889763782,0.5622047244094488,0.5984251968503937,TRUE,15.601736224803526,7.084101741399506e-55,1.0,1.4988411223625067,1.4988411223625067
word_count__gte_p95,word_count,word_count >= p95 (42),250,0.05102040816326531,155,95,0.62,0.38,0.2857142857142857,2.17,0.532,0.62,TRUE,11.700000000000001,1.2745349831372286e-31,1.0,1.4933742001117423,1.4933742001117423
word_count__gte_p90,word_count,word_count >= p90 (36),544,0.1110204081632653,322,222,0.5919117647058824,0.40808823529411764,0.2857142857142857,2.0716911764705883,0.5713235294117647,0.5919117647058824,TRUE,15.80880711353457,2.705409894823238e-56,1.0,1.4829908485039953,1.4829908485039953
byte_length__gte_p95,byte_length,byte_length >= p95 (255),247,0.05040816326530612,152,95,0.6153846153846154,0.38461538461538464,0.2857142857142857,2.153846153846154,0.5384615384615384,0.6153846153846154,TRUE,11.469021821343858,1.88781113498601e-30,1.0,1.471487289522327,1.471487289522327
char_length__gte_p95,char_length,char_length >= p95 (254),246,0.05020408163265306,150,96,0.6097560975609756,0.3902439024390244,0.2857142857142857,2.1341463414634148,0.5463414634146342,0.6097560975609756,TRUE,11.25036584770989,2.306334375356881e-29,1.0,1.4459746904493378,1.4459746904493378
"word_count__quantile_(31.0,222.0]",word_count,"word_count in quantile bin (31.0, 222.0]",919,0.18755102040816327,500,419,0.544069640914037,0.455930359085963,0.2857142857142857,1.9042437431991295,0.6383025027203482,0.544069640914037,TRUE,17.336972637672087,2.4743026879509705e-67,1.0,1.4067656786343015,1.4067656786343015
"raw_token_count__quantile_(30.2,222.0]",raw_token_count,"raw_token_count in quantile bin (30.2, 222.0]",980,0.2,526,454,0.536734693877551,0.463265306122449,0.2857142857142857,1.8785714285714286,0.6485714285714286,0.536734693877551,TRUE,17.39482681718907,9.029925149482068e-68,1.0,1.395149793186389,1.395149793186389
"compression_ratio__quantile_(0.0837,0.735]",compression_ratio,"compression_ratio in quantile bin (0.0837, 0.735]",982,0.2004081632653061,474,508,0.48268839103869654,0.5173116089613035,0.2857142857142857,1.689409368635438,0.7242362525458248,0.5173116089613035,TRUE,13.66353018170914,1.6765485984859207e-42,1.0,1.1032467942680817,1.1032467942680817
compression_ratio__lte_p10,compression_ratio,compression_ratio <= p10 (0.696058),490,0.1,241,249,0.49183673469387756,0.5081632653061224,0.2857142857142857,1.7214285714285715,0.7114285714285714,0.5081632653061224,TRUE,10.1,5.524218943529075e-24,1.0,0.9985381085146743,0.9985381085146743
sentence_count__gte_p95,sentence_count,sentence_count >= p95 (4),295,0.06020408163265306,145,150,0.4915254237288136,0.5084745762711864,0.2857142857142857,1.7203389830508475,0.711864406779661,0.5084745762711864,TRUE,7.82488425213575,5.081242071108009e-15,0.9999999999999949,0.9477886912382024,0.9477886912382024
sentence_count__gte_p90,sentence_count,sentence_count >= p90 (3),815,0.1663265306122449,374,441,0.4588957055214724,0.5411042944785276,0.2857142857142857,1.6061349693251534,0.7575460122699386,0.5411042944785276,TRUE,10.944051806285017,7.09562574244339e-28,1.0,0.9275103293568664,0.9275103293568664
"sentence_count__quantile_(2.0,49.0]",sentence_count,"sentence_count in quantile bin (2.0, 49.0]",815,0.1663265306122449,374,441,0.4588957055214724,0.5411042944785276,0.2857142857142857,1.6061349693251534,0.7575460122699386,0.5411042944785276,TRUE,10.944051806285017,7.09562574244339e-28,1.0,0.9275103293568664,0.9275103293568664
"char_entropy__quantile_(4.325,5.115]",char_entropy,"char_entropy in quantile bin (4.325, 5.115]",980,0.2,439,541,0.4479591836734694,0.5520408163265306,0.2857142857142857,1.5678571428571428,0.7728571428571428,0.5520408163265306,TRUE,11.242997820866105,2.5072096078105884e-29,1.0,0.9155756997861316,0.9155756997861316
char_entropy__gte_p90,char_entropy,char_entropy >= p90 (4.40987),490,0.1,227,263,0.463265306122449,0.536734693877551,0.2857142857142857,1.6214285714285714,0.7514285714285714,0.536734693877551,TRUE,8.7,3.318841739929572e-18,1.0,0.8679075611263031,0.8679075611263031
repeated_token_count__gte_p95,repeated_token_count,repeated_token_count >= p95 (9),255,0.05204081632653061,120,135,0.47058823529411764,0.5294117647058824,0.2857142857142857,1.647058823529412,0.7411764705882353,0.5294117647058824,TRUE,6.53497378364605,6.362068453919969e-11,0.9999999999363793,0.849004026422142,0.849004026422142
"byte_length__quantile_(150.0,188.0]",byte_length,"byte_length in quantile bin (150.0, 188.0]",959,0.1957142857142857,418,541,0.4358706986444213,0.5641293013555787,0.2857142857142857,1.5255474452554747,0.7897810218978102,0.5641293013555787,TRUE,10.293219368278503,7.5605408352168125e-25,1.0,0.8450090938758481,0.8450090938758481
repeated_token_types__gte_p95,repeated_token_types,repeated_token_types >= p95 (6),333,0.06795918367346938,155,178,0.46546546546546547,0.5345345345345346,0.2857142857142857,1.6291291291291292,0.7483483483483484,0.5345345345345346,TRUE,7.260924253910175,3.844542039555606e-13,0.9999999999996155,0.8432375862847603,0.8432375862847603
"char_length__quantile_(149.0,188.0]",char_length,"char_length in quantile bin (149.0, 188.0]",980,0.2,425,555,0.4336734693877551,0.5663265306122449,0.2857142857142857,1.5178571428571428,0.7928571428571428,0.5663265306122449,TRUE,10.253048327204938,1.146690081481516e-24,1.0,0.8384800398323202,0.8384800398323202
"word_count__quantile_(25.0,31.0]",word_count,"word_count in quantile bin (25.0, 31.0]",900,0.1836734693877551,390,510,0.43333333333333335,0.5666666666666667,0.2857142857142857,1.5166666666666668,0.7933333333333333,0.5666666666666667,TRUE,9.803060746521977,1.0922480022665012e-22,1.0,0.8170326713159564,0.8170326713159564
compression_ratio__lte_p05,compression_ratio,compression_ratio <= p05 (0.663747),245,0.05,113,132,0.46122448979591835,0.5387755102040817,0.2857142857142857,1.6142857142857143,0.7542857142857143,0.5387755102040817,TRUE,6.081118318204308,1.1934717937220434e-09,0.9999999988065282,0.8069853793580039,0.8069853793580039
max_sentence_word_count__gte_p95,max_sentence_word_count,max_sentence_word_count >= p95 (34),292,0.05959183673469388,134,158,0.4589041095890411,0.541095890410959,0.2857142857142857,1.606164383561644,0.7575342465753425,0.541095890410959,TRUE,6.551063910248807,5.712860127709804e-11,0.9999999999428714,0.8062714452589267,0.8062714452589267
"raw_token_count__quantile_(24.4,30.2]",raw_token_count,"raw_token_count in quantile bin (24.4, 30.2]",980,0.2,418,562,0.42653061224489797,0.573469387755102,0.2857142857142857,1.4928571428571429,0.8028571428571428,0.573469387755102,TRUE,9.758073580374356,1.703604192965703e-22,1.0,0.7998399381602436,0.7998399381602436
"token_entropy__quantile_(4.437,4.685]",token_entropy,"token_entropy in quantile bin (4.437, 4.685]",961,0.19612244897959183,409,552,0.4255983350676379,0.5744016649323621,0.2857142857142857,1.4895941727367328,0.804162330905307,0.5744016649323621,TRUE,9.599042832962727,8.069024553804e-22,1.0,0.7903163673819245,0.7903163673819245
char_entropy__gte_p95,char_entropy,char_entropy >= p95 (4.49547),245,0.05,112,133,0.45714285714285713,0.5428571428571428,0.2857142857142857,1.6,0.7599999999999999,0.5428571428571428,TRUE,5.939696961966999,2.855494179592206e-09,0.9999999971445058,0.7895436219962699,0.7895436219962699
repeated_token_count__gte_p90,repeated_token_count,repeated_token_count >= p90 (6),635,0.12959183673469388,274,361,0.431496062992126,0.568503937007874,0.2857142857142857,1.510236220472441,0.7959055118110236,0.568503937007874,TRUE,8.131827234590537,4.2286721366114243e-16,0.9999999999999996,0.749637290032631,0.749637290032631
weird_token_count__gte_p95,weird_token_count,weird_token_count >= p95 (2),256,0.052244897959183675,114,142,0.4453125,0.5546875,0.2857142857142857,1.55859375,0.7765624999999999,0.5546875,TRUE,5.652571317550978,1.5806517952665042e-08,0.999999984193482,0.7408019162707096,0.7408019162707096
repeated_token_types__gte_p90,repeated_token_types,repeated_token_types >= p90 (5),537,0.10959183673469387,232,305,0.43202979515828677,0.5679702048417132,0.2857142857142857,1.5121042830540037,0.7951582867783985,0.5679702048417132,TRUE,7.505429443805358,6.122754232848188e-14,0.9999999999999388,0.7329631415271849,0.7329631415271849
"repeated_token_types__quantile_(3.0,39.0]",repeated_token_types,"repeated_token_types in quantile bin (3.0, 39.0]",896,0.18285714285714286,374,522,0.4174107142857143,0.5825892857142857,0.2857142857142857,1.4609375000000002,0.8156249999999999,0.5825892857142857,TRUE,8.726217680071935,2.633315913783455e-18,1.0,0.7322316797280619,0.7322316797280619
long_token_count__gte_p95,long_token_count,long_token_count >= p95 (1),271,0.05530612244897959,119,152,0.43911439114391143,0.5608856088560885,0.2857142857142857,1.5369003690036902,0.7852398523985239,0.5608856088560885,TRUE,5.589955409125797,2.271279302268193e-08,0.999999977287207,0.7166329928700782,0.7166329928700782
long_token_count__gt_0,long_token_count,long_token_count > 0,271,0.05530612244897959,119,152,0.43911439114391143,0.5608856088560885,0.2857142857142857,1.5369003690036902,0.7852398523985239,0.5608856088560885,TRUE,5.589955409125797,2.271279302268193e-08,0.999999977287207,0.7166329928700782,0.7166329928700782
"repeated_token_count__quantile_(4.0,204.0]",repeated_token_count,"repeated_token_count in quantile bin (4.0, 204.0]",885,0.18061224489795918,366,519,0.4135593220338983,0.5864406779661017,0.2857142857142857,1.4474576271186441,0.8210169491525423,0.5864406779661017,TRUE,8.418865014691304,3.801491011539973e-17,1.0,0.7096400221649869,0.7096400221649869
"max_sentence_word_count__quantile_(26.0,219.0]",max_sentence_word_count,"max_sentence_word_count in quantile bin (26.0, 219.0]",891,0.18183673469387754,367,524,0.4118967452300786,0.5881032547699214,0.2857142857142857,1.441638608305275,0.82334455667789,0.5881032547699214,TRUE,8.337500641514236,7.587723791370356e-17,0.9999999999999999,0.7020749042881613,0.7020749042881613
max_sentence_word_count__gte_p90,max_sentence_word_count,max_sentence_word_count >= p90 (30),563,0.11489795918367347,237,326,0.42095914742451157,0.5790408525754884,0.2857142857142857,1.4733570159857905,0.8106571936056838,0.5790408525754884,TRUE,7.103510252268612,1.2162732112503668e-12,0.9999999999987838,0.6854551106263683,0.6854551106263683
long_sentence_count__gte_p90,long_sentence_count,long_sentence_count >= p90 (1),563,0.11489795918367347,237,326,0.42095914742451157,0.5790408525754884,0.2857142857142857,1.4733570159857905,0.8106571936056838,0.5790408525754884,TRUE,7.103510252268612,1.2162732112503668e-12,0.9999999999987838,0.6854551106263683,0.6854551106263683
long_sentence_count__gte_p95,long_sentence_count,long_sentence_count >= p95 (1),563,0.11489795918367347,237,326,0.42095914742451157,0.5790408525754884,0.2857142857142857,1.4733570159857905,0.8106571936056838,0.5790408525754884,TRUE,7.103510252268612,1.2162732112503668e-12,0.9999999999987838,0.6854551106263683,0.6854551106263683
long_sentence_count__gt_0,long_sentence_count,long_sentence_count > 0,563,0.11489795918367347,237,326,0.42095914742451157,0.5790408525754884,0.2857142857142857,1.4733570159857905,0.8106571936056838,0.5790408525754884,TRUE,7.103510252268612,1.2162732112503668e-12,0.9999999999987838,0.6854551106263683,0.6854551106263683
bracket_count__gte_p95,bracket_count,bracket_count >= p95 (2),465,0.09489795918367347,191,274,0.410752688172043,0.589247311827957,0.2857142857142857,1.4376344086021506,0.8249462365591398,0.589247311827957,TRUE,5.9685375813690795,2.3938951092765467e-09,0.9999999976061049,0.6211274549969279,0.6211274549969279
bracket_count__gte_p90,bracket_count,bracket_count >= p90 (1),662,0.13510204081632654,267,395,0.4033232628398791,0.5966767371601208,0.2857142857142857,1.411631419939577,0.8353474320241692,0.5966767371601208,TRUE,6.6983449279216645,2.1079324777066816e-11,0.9999999999789206,0.6168333211801266,0.6168333211801266
bracket_count__gt_0,bracket_count,bracket_count > 0,662,0.13510204081632654,267,395,0.4033232628398791,0.5966767371601208,0.2857142857142857,1.411631419939577,0.8353474320241692,0.5966767371601208,TRUE,6.6983449279216645,2.1079324777066816e-11,0.9999999999789206,0.6168333211801266,0.6168333211801266
"rare_token_ratio__quantile_(0.176,1.0]",rare_token_ratio,"rare_token_ratio in quantile bin (0.176, 1.0]",975,0.1989795918367347,378,597,0.38769230769230767,0.6123076923076923,0.2857142857142857,1.356923076923077,0.8572307692307692,0.6123076923076923,TRUE,7.048665994902319,1.8064116896324918e-12,0.9999999999981936,0.5871280859669855,0.5871280859669855
weird_token_count__gte_p90,weird_token_count,weird_token_count >= p90 (1),959,0.1957142857142857,372,587,0.38790406673618355,0.6120959332638165,0.2857142857142857,1.3576642335766425,0.8569343065693431,0.6120959332638165,TRUE,7.005107625633983,2.467960450319432e-12,0.9999999999975321,0.5856144692914173,0.5856144692914173
weird_token_count__gt_0,weird_token_count,weird_token_count > 0,959,0.1957142857142857,372,587,0.38790406673618355,0.6120959332638165,0.2857142857142857,1.3576642335766425,0.8569343065693431,0.6120959332638165,TRUE,7.005107625633983,2.467960450319432e-12,0.9999999999975321,0.5856144692914173,0.5856144692914173
weird_token_ratio__gt_0,weird_token_ratio,weird_token_ratio > 0,959,0.1957142857142857,372,587,0.38790406673618355,0.6120959332638165,0.2857142857142857,1.3576642335766425,0.8569343065693431,0.6120959332638165,TRUE,7.005107625633983,2.467960450319432e-12,0.9999999999975321,0.5856144692914173,0.5856144692914173
avg_sentence_word_count__gte_p95,avg_sentence_word_count,avg_sentence_word_count >= p95 (33),269,0.05489795918367347,110,159,0.40892193308550184,0.5910780669144982,0.2857142857142857,1.4312267657992566,0.8275092936802974,0.5910780669144982,TRUE,4.473133346222254,7.708167491465292e-06,0.9999922918325085,0.5843616665253645,0.5843616665253645
"hapax_token_ratio__quantile_(0.125,1.0]",hapax_token_ratio,"hapax_token_ratio in quantile bin (0.125, 1.0]",963,0.19653061224489796,373,590,0.387331256490135,0.612668743509865,0.2857142857142857,1.3556593977154725,0.857736240913811,0.612668743509865,TRUE,6.980353679221401,2.9443787665007957e-12,0.9999999999970556,0.5831445892768554,0.5831445892768554
"compression_ratio__quantile_(0.735,0.789]",compression_ratio,"compression_ratio in quantile bin (0.735, 0.789]",978,0.19959183673469388,372,606,0.3803680981595092,0.6196319018404908,0.2857142857142857,1.3312883435582823,0.8674846625766871,0.6196319018404908,TRUE,6.55247810565998,5.6590017886378684e-11,0.9999999999434099,0.5472432638615569,0.5472432638615569
hapax_token_ratio__gte_p90,hapax_token_ratio,hapax_token_ratio >= p90 (0.176471),503,0.10265306122448979,197,306,0.39165009940357853,0.6083499005964215,0.2857142857142857,1.3707753479125249,0.85168986083499,0.6083499005964215,TRUE,5.259262396408299,1.4463438060391265e-07,0.9999998553656194,0.5367174317841819,0.5367174317841819
avg_sentence_word_count__gte_p90,avg_sentence_word_count,avg_sentence_word_count >= p90 (29),515,0.10510204081632653,201,314,0.39029126213592236,0.6097087378640776,0.2857142857142857,1.3660194174757283,0.8535922330097087,0.6097087378640776,TRUE,5.253366927758798,1.4934358928415444e-07,0.9999998506564107,0.531823637720842,0.531823637720842
"avg_sentence_word_count__quantile_(24.0,213.0]",avg_sentence_word_count,"avg_sentence_word_count in quantile bin (24.0, 213.0]",907,0.18510204081632653,341,566,0.37596471885336274,0.6240352811466373,0.2857142857142857,1.3158765159867696,0.8736493936052923,0.6240352811466373,TRUE,6.016597770508165,1.7812093476970854e-09,0.9999999982187906,0.5126105808328192,0.5126105808328192
mixed_alnum_token_count__gte_p95,mixed_alnum_token_count,mixed_alnum_token_count >= p95 (1),282,0.05755102040816327,110,172,0.3900709219858156,0.6099290780141844,0.2857142857142857,1.3652482269503547,0.8539007092198582,0.6099290780141844,TRUE,3.8792044223467546,0.00010479865821143916,0.9998952013417886,0.5021102963684828,0.5021102963684828
mixed_alnum_token_count__gt_0,mixed_alnum_token_count,mixed_alnum_token_count > 0,282,0.05755102040816327,110,172,0.3900709219858156,0.6099290780141844,0.2857142857142857,1.3652482269503547,0.8539007092198582,0.6099290780141844,TRUE,3.8792044223467546,0.00010479865821143916,0.9998952013417886,0.5021102963684828,0.5021102963684828
max_word_length__gte_p95,max_word_length,max_word_length >= p95 (14),383,0.07816326530612244,146,237,0.381201044386423,0.618798955613577,0.2857142857142857,1.3342036553524805,0.8663185378590078,0.618798955613577,TRUE,4.136571908482556,3.525329144790839e-05,0.9999647467085521,0.4729209572512213,0.4729209572512213
uppercase_ratio__lte_p05,uppercase_ratio,uppercase_ratio <= p05 (0.00617284),248,0.05061224489795919,95,153,0.38306451612903225,0.6169354838709677,0.2857142857142857,1.340725806451613,0.8637096774193548,0.6169354838709677,TRUE,3.3936016646130582,0.0006897994900520162,0.999310200509948,0.4670533698855767,0.4670533698855767
rare_token_ratio__gte_p90,rare_token_ratio,rare_token_ratio >= p90 (0.235294),504,0.10285714285714286,190,314,0.376984126984127,0.623015873015873,0.2857142857142857,1.3194444444444444,0.8722222222222222,0.623015873015873,TRUE,4.53566116704304,5.7423307624226166e-06,0.9999942576692376,0.46655775680249606,0.46655775680249606
comma_count__gte_p90,comma_count,comma_count >= p90 (3),497,0.10142857142857142,186,311,0.37424547283702214,0.6257545271629779,0.2857142857142857,1.3098591549295775,0.876056338028169,0.6257545271629779,TRUE,4.3689042039923445,1.2487152326613568e-05,0.9999875128476734,0.45256359609614516,0.45256359609614516
comma_count__gte_p95,comma_count,comma_count >= p95 (3),497,0.10142857142857142,186,311,0.37424547283702214,0.6257545271629779,0.2857142857142857,1.3098591549295775,0.876056338028169,0.6257545271629779,TRUE,4.3689042039923445,1.2487152326613568e-05,0.9999875128476734,0.45256359609614516,0.45256359609614516
"comma_count__quantile_(2.0,103.0]",comma_count,"comma_count in quantile bin (2.0, 103.0]",497,0.10142857142857142,186,311,0.37424547283702214,0.6257545271629779,0.2857142857142857,1.3098591549295775,0.876056338028169,0.6257545271629779,TRUE,4.3689042039923445,1.2487152326613568e-05,0.9999875128476734,0.45256359609614516,0.45256359609614516
quote_count__gte_p95,quote_count,quote_count >= p95 (3),336,0.06857142857142857,125,211,0.37202380952380953,0.6279761904761905,0.2857142857142857,1.3020833333333335,0.8791666666666667,0.6279761904761905,TRUE,3.5020827136624484,0.00046163628121993706,0.99953836371878,0.4254780790296924,0.4254780790296924
