rule,target_label,target_y,train_support,train_true,train_false,train_precision
ngram1::opening,FALSE,0,12,0,12,1.0
ngram2::to read,FALSE,0,10,0,10,1.0
ngram2::depending on,FALSE,0,10,0,10,1.0
ngram2::can provide,FALSE,0,10,0,10,1.0
ngram2::the more,FALSE,0,10,0,10,1.0
ngram1::brewing,FALSE,0,9,0,9,1.0
ngram2::time for,FALSE,0,9,0,9,1.0
ngram1::twice,FALSE,0,9,0,9,1.0
ngram2::it also,FALSE,0,9,0,9,1.0
ngram2::addition to,FALSE,0,9,0,9,1.0
ngram2::focus on,FALSE,0,9,0,9,1.0
ngram1::patient,FALSE,0,9,0,9,1.0
ngram2::up the,FALSE,0,9,0,9,1.0
ngram2::the field,FALSE,0,9,0,9,1.0
ngram2::in particular,FALSE,0,8,0,8,1.0
ngram2::love the,FALSE,0,8,0,8,1.0
ngram2::mental health,FALSE,0,8,0,8,1.0
ngram1::vacation,FALSE,0,8,0,8,1.0
ngram2::if there,FALSE,0,8,0,8,1.0
ngram2::the ground,FALSE,0,8,0,8,1.0
ngram2::united states,FALSE,0,8,0,8,1.0
ngram3::the united states,FALSE,0,8,0,8,1.0
ngram1::we'll,FALSE,0,8,0,8,1.0
ngram2::go to,FALSE,0,8,0,8,1.0
ngram1::leave,FALSE,0,8,0,8,1.0
ngram1::french,FALSE,0,8,0,8,1.0
ngram1::overview,FALSE,0,8,0,8,1.0
ngram2::am not,FALSE,0,8,0,8,1.0
ngram1::prior,FALSE,0,8,0,8,1.0
ngram2::understanding of,FALSE,0,8,0,8,1.0
ngram2::it all,FALSE,0,8,0,8,1.0
ngram1::doubt,FALSE,0,8,0,8,1.0
ngram3::in the field,FALSE,0,8,0,8,1.0
shape::char_le_100,FALSE,0,917,36,881,0.960741548527808
shape::char_le_60,FALSE,0,74,5,69,0.9324324324324325
ngram2::those who,FALSE,0,14,1,13,0.9285714285714286
ngram2::that could,FALSE,0,14,1,13,0.9285714285714286
ngram3::you want to,FALSE,0,14,1,13,0.9285714285714286
ngram1::published,FALSE,0,14,1,13,0.9285714285714286
ngram1::battery,FALSE,0,14,1,13,0.9285714285714286
ngram1::frequently,FALSE,0,13,1,12,0.9230769230769231
ngram2::information about,FALSE,0,13,1,12,0.9230769230769231
ngram1::develop,FALSE,0,13,1,12,0.9230769230769231
ngram1::choices,FALSE,0,13,1,12,0.9230769230769231
ngram1::meal,FALSE,0,25,2,23,0.92
ngram1::serve,FALSE,0,12,1,11,0.9166666666666666
ngram1::comfort,FALSE,0,12,1,11,0.9166666666666666
ngram1::alone,FALSE,0,11,1,10,0.9090909090909091
ngram1::states,FALSE,0,11,1,10,0.9090909090909091
ngram1::ground,FALSE,0,11,1,10,0.9090909090909091
ngram2::keep your,FALSE,0,11,1,10,0.9090909090909091
ngram1::bright,FALSE,0,11,1,10,0.9090909090909091
ngram2::good idea,FALSE,0,11,1,10,0.9090909090909091
ngram2::the main,FALSE,0,11,1,10,0.9090909090909091
ngram2::its own,FALSE,0,11,1,10,0.9090909090909091
ngram2::according to,FALSE,0,21,2,19,0.9047619047619048
ngram2::to see,FALSE,0,21,2,19,0.9047619047619048
shape::word_le_10,FALSE,0,103,10,93,0.9029126213592233
ngram1::includes,FALSE,0,20,2,18,0.9
ngram2::is still,FALSE,0,10,1,9,0.9
ngram1::total,FALSE,0,10,1,9,0.9
ngram3::to choose from,FALSE,0,10,1,9,0.9
ngram1::selection,FALSE,0,10,1,9,0.9
ngram2::way that,FALSE,0,10,1,9,0.9
ngram1::phone,FALSE,0,10,1,9,0.9
ngram1::bike,FALSE,0,10,1,9,0.9
ngram1::becoming,FALSE,0,10,1,9,0.9
ngram1::measure,FALSE,0,10,1,9,0.9
ngram1::offered,FALSE,0,10,1,9,0.9
ngram2::which will,FALSE,0,10,1,9,0.9
ngram2::make your,FALSE,0,10,1,9,0.9
ngram1::shoes,FALSE,0,10,1,9,0.9
ngram2::published in,FALSE,0,10,1,9,0.9
ngram1::address,FALSE,0,10,1,9,0.9
ngram2::the book,FALSE,0,10,1,9,0.9
ngram1::track,FALSE,0,10,1,9,0.9
ngram1::passage,FALSE,0,9,1,8,0.8888888888888888
ngram2::could have,FALSE,0,9,1,8,0.8888888888888888
ngram1::forest,FALSE,0,9,1,8,0.8888888888888888
ngram3::to help you,FALSE,0,9,1,8,0.8888888888888888
ngram1::industries,FALSE,0,9,1,8,0.8888888888888888
ngram1::expect,FALSE,0,9,1,8,0.8888888888888888
ngram2::the beginning,FALSE,0,9,1,8,0.8888888888888888
ngram2::end of,FALSE,0,9,1,8,0.8888888888888888
ngram2::the website,FALSE,0,9,1,8,0.8888888888888888
ngram1::courses,FALSE,0,9,1,8,0.8888888888888888
ngram2::idea to,FALSE,0,9,1,8,0.8888888888888888
ngram3::good idea to,FALSE,0,9,1,8,0.8888888888888888
ngram2::the national,FALSE,0,9,1,8,0.8888888888888888
ngram1::stage,FALSE,0,9,1,8,0.8888888888888888
ngram2::how the,FALSE,0,9,1,8,0.8888888888888888
ngram1::planner,FALSE,0,9,1,8,0.8888888888888888
ngram1::fan,FALSE,0,9,1,8,0.8888888888888888
ngram2::is essential,FALSE,0,9,1,8,0.8888888888888888
ngram1::conversation,FALSE,0,9,1,8,0.8888888888888888
ngram2::do you,FALSE,0,17,2,15,0.8823529411764706
ngram1::can't,FALSE,0,17,2,15,0.8823529411764706
ngram1::bring,FALSE,0,24,3,21,0.875
ngram1::century,FALSE,0,16,2,14,0.875
ngram1::speed,FALSE,0,16,2,14,0.875
ngram1::provided,FALSE,0,16,2,14,0.875
ngram2::what you,FALSE,0,16,2,14,0.875
ngram2::be more,FALSE,0,16,2,14,0.875
ngram4::will be able to,TRUE,1,8,7,1,0.875
ngram3::will be able,TRUE,1,8,7,1,0.875
ngram1::nothing,FALSE,0,8,1,7,0.875
ngram1::developers,FALSE,0,8,1,7,0.875
ngram2::for people,FALSE,0,8,1,7,0.875
ngram1::researchers,FALSE,0,8,1,7,0.875
ngram2::can see,FALSE,0,8,1,7,0.875
ngram1::worth,FALSE,0,8,1,7,0.875
ngram2::of those,FALSE,0,8,1,7,0.875
ngram1::slowly,FALSE,0,8,1,7,0.875
ngram2::few more,FALSE,0,8,1,7,0.875
ngram1::happened,FALSE,0,8,1,7,0.875
ngram2::has become,FALSE,0,8,1,7,0.875
ngram1::historical,FALSE,0,8,1,7,0.875
ngram1::eggs,FALSE,0,8,1,7,0.875
ngram1::tech,FALSE,0,8,1,7,0.875
ngram2::us to,FALSE,0,8,1,7,0.875
ngram3::to keep your,FALSE,0,8,1,7,0.875
ngram1::consumer,FALSE,0,8,1,7,0.875
ngram1::usual,FALSE,0,8,1,7,0.875
ngram2::crucial to,FALSE,0,8,1,7,0.875
ngram2::can find,FALSE,0,8,1,7,0.875
ngram2::have more,FALSE,0,8,1,7,0.875
ngram2::and it's,FALSE,0,8,1,7,0.875
ngram2::to bring,FALSE,0,8,1,7,0.875
ngram1::humans,FALSE,0,8,1,7,0.875
ngram1::array,FALSE,0,8,1,7,0.875
ngram1::bus,FALSE,0,8,1,7,0.875
ngram1::batteries,FALSE,0,8,1,7,0.875
ngram3::published in the,FALSE,0,8,1,7,0.875
ngram1::identified,TRUE,1,8,7,1,0.875
ngram1::majority,FALSE,0,8,1,7,0.875
ngram2::possible to,FALSE,0,8,1,7,0.875
ngram1::effort,FALSE,0,8,1,7,0.875
ngram2::for specific,FALSE,0,8,1,7,0.875
ngram2::including the,FALSE,0,8,1,7,0.875
ngram1::agenda,FALSE,0,8,1,7,0.875
ngram2::might be,FALSE,0,8,1,7,0.875
ngram1::reader,FALSE,0,8,1,7,0.875
ngram1::renewable,FALSE,0,8,1,7,0.875
ngram1::client,FALSE,0,8,1,7,0.875
ngram2::about how,FALSE,0,8,1,7,0.875
ngram1::grooming,FALSE,0,8,1,7,0.875
ngram2::many people,FALSE,0,8,1,7,0.875
ngram2::up with,FALSE,0,8,1,7,0.875
ngram1::answers,FALSE,0,8,1,7,0.875
ngram1::focuses,FALSE,0,8,1,7,0.875
ngram2::of life,FALSE,0,8,1,7,0.875
ngram1::artist,FALSE,0,8,1,7,0.875
ngram1::fresh,FALSE,0,23,3,20,0.8695652173913043
ngram2::are some,FALSE,0,15,2,13,0.8666666666666667
ngram3::the most important,TRUE,1,15,13,2,0.8666666666666667
ngram1::results,FALSE,0,15,2,13,0.8666666666666667
ngram1::moment,FALSE,0,15,2,13,0.8666666666666667
ngram1::function,FALSE,0,15,2,13,0.8666666666666667
ngram2::like the,FALSE,0,22,3,19,0.8636363636363636
ngram1::material,FALSE,0,14,2,12,0.8571428571428571
ngram1::efficient,FALSE,0,14,2,12,0.8571428571428571
ngram2::the sun,FALSE,0,14,2,12,0.8571428571428571
ngram1::blue,FALSE,0,14,2,12,0.8571428571428571
ngram1::safe,FALSE,0,14,2,12,0.8571428571428571
ngram1::objectives,FALSE,0,14,2,12,0.8571428571428571
ngram2::read more,FALSE,0,14,2,12,0.8571428571428571
ngram1::machine,FALSE,0,14,2,12,0.8571428571428571
ngram1::materials,FALSE,0,20,3,17,0.85
ngram1::audience,FALSE,0,20,3,17,0.85
ngram2::range of,FALSE,0,13,2,11,0.8461538461538461
ngram2::this recipe,FALSE,0,13,2,11,0.8461538461538461
ngram1::title,FALSE,0,13,2,11,0.8461538461538461
ngram2::about this,FALSE,0,13,2,11,0.8461538461538461
ngram1::bank,FALSE,0,13,2,11,0.8461538461538461
ngram2::choose from,FALSE,0,13,2,11,0.8461538461538461
ngram1::weekend,FALSE,0,13,2,11,0.8461538461538461
ngram1::fruits,FALSE,0,13,2,11,0.8461538461538461
ngram1::warm,FALSE,0,13,2,11,0.8461538461538461
ngram1::clients,FALSE,0,13,2,11,0.8461538461538461
ngram1::eat,FALSE,0,13,2,11,0.8461538461538461
ngram2::will help,FALSE,0,13,2,11,0.8461538461538461
ngram1::turn,FALSE,0,19,3,16,0.8421052631578947
ngram1::development,FALSE,0,37,6,31,0.8378378378378378
shape::digit_high,FALSE,0,114,19,95,0.8333333333333334
ngram1::remember,FALSE,0,24,4,20,0.8333333333333334
ngram1::particular,FALSE,0,24,4,20,0.8333333333333334
ngram1::environmental,FALSE,0,12,2,10,0.8333333333333334
ngram1::baking,FALSE,0,12,2,10,0.8333333333333334
ngram1::test,FALSE,0,12,2,10,0.8333333333333334
ngram2::along with,FALSE,0,12,2,10,0.8333333333333334
ngram2::how can,FALSE,0,12,2,10,0.8333333333333334
ngram1::ideal,FALSE,0,12,2,10,0.8333333333333334
ngram1::government,FALSE,0,12,2,10,0.8333333333333334
ngram1::version,FALSE,0,12,2,10,0.8333333333333334
ngram1::behavior,FALSE,0,12,2,10,0.8333333333333334
ngram1::party,FALSE,0,12,2,10,0.8333333333333334
ngram2::the role,FALSE,0,12,2,10,0.8333333333333334
ngram2::for those,FALSE,0,12,2,10,0.8333333333333334
ngram1::appropriate,FALSE,0,12,2,10,0.8333333333333334
ngram1::together,FALSE,0,29,5,24,0.8275862068965517
ngram1::understand,FALSE,0,29,5,24,0.8275862068965517
ngram1::understanding,FALSE,0,29,5,24,0.8275862068965517
ngram1::taking,FALSE,0,23,4,19,0.8260869565217391
ngram1::typically,FALSE,0,23,4,19,0.8260869565217391
ngram1::created,FALSE,0,17,3,14,0.8235294117647058
ngram1::face,FALSE,0,17,3,14,0.8235294117647058
ngram1::put,FALSE,0,17,3,14,0.8235294117647058
ngram1::fun,FALSE,0,28,5,23,0.8214285714285714
ngram1::needs,FALSE,0,39,7,32,0.8205128205128205
ngram3::some of the,FALSE,0,11,2,9,0.8181818181818182
ngram2::for example,FALSE,0,11,2,9,0.8181818181818182
ngram1::glad,FALSE,0,11,2,9,0.8181818181818182
ngram2::place to,FALSE,0,11,2,9,0.8181818181818182
ngram1::books,FALSE,0,11,2,9,0.8181818181818182
ngram2::for many,FALSE,0,11,2,9,0.8181818181818182
ngram1::memory,FALSE,0,11,2,9,0.8181818181818182
ngram2::little bit,FALSE,0,11,2,9,0.8181818181818182
ngram1::site,FALSE,0,11,2,9,0.8181818181818182
ngram1::section,FALSE,0,11,2,9,0.8181818181818182
ngram2::to stay,FALSE,0,11,2,9,0.8181818181818182
ngram1::learned,FALSE,0,11,2,9,0.8181818181818182
ngram1::dream,FALSE,0,11,2,9,0.8181818181818182
ngram2::bit of,FALSE,0,11,2,9,0.8181818181818182
ngram1::wall,FALSE,0,11,2,9,0.8181818181818182
ngram1::smile,FALSE,0,11,2,9,0.8181818181818182
ngram1::stop,FALSE,0,11,2,9,0.8181818181818182
ngram1::three,FALSE,0,27,5,22,0.8148148148148148
ngram2::to keep,FALSE,0,27,5,22,0.8148148148148148
ngram1::low,FALSE,0,16,3,13,0.8125
ngram1::thoughts,FALSE,0,16,3,13,0.8125
ngram1::felt,FALSE,0,16,3,13,0.8125
ngram1::sun,FALSE,0,16,3,13,0.8125
ngram2::make sure,FALSE,0,16,3,13,0.8125
ngram1::man,FALSE,0,16,3,13,0.8125
ngram1::road,FALSE,0,16,3,13,0.8125
ngram1::located,FALSE,0,16,3,13,0.8125
ngram1::summer,FALSE,0,21,4,17,0.8095238095238095
ngram1::modern,FALSE,0,21,4,17,0.8095238095238095
ngram1::short,FALSE,0,21,4,17,0.8095238095238095
ngram2::when you,FALSE,0,21,4,17,0.8095238095238095
ngram1::digital,FALSE,0,26,5,21,0.8076923076923077
ngram1::local,FALSE,0,31,6,25,0.8064516129032258
ngram1::article,FALSE,0,30,6,24,0.8
ngram1::focus,FALSE,0,30,6,24,0.8
ngram1::goal,FALSE,0,20,4,16,0.8
ngram2::to use,FALSE,0,20,4,16,0.8
ngram1::perhaps,FALSE,0,20,4,16,0.8
ngram1::mind,FALSE,0,20,4,16,0.8
ngram3::great way to,FALSE,0,15,3,12,0.8
ngram2::the day,FALSE,0,15,3,12,0.8
ngram1::black,FALSE,0,15,3,12,0.8
ngram1::heard,FALSE,0,15,3,12,0.8
ngram2::who have,FALSE,0,15,3,12,0.8
ngram1::plants,FALSE,0,15,3,12,0.8
ngram2::to choose,FALSE,0,15,3,12,0.8
ngram1::major,FALSE,0,15,3,12,0.8
ngram1::email,FALSE,0,15,3,12,0.8
ngram1::calendar,FALSE,0,10,2,8,0.8
ngram1::medical,FALSE,0,10,2,8,0.8
ngram1::environments,FALSE,0,10,2,8,0.8
ngram1::urban,FALSE,0,10,2,8,0.8
ngram2::to become,FALSE,0,10,2,8,0.8
ngram2::you know,FALSE,0,10,2,8,0.8
ngram2::the second,FALSE,0,10,2,8,0.8
ngram1::dust,FALSE,0,10,2,8,0.8
ngram1::wait,FALSE,0,10,2,8,0.8
ngram1::sugar,FALSE,0,10,2,8,0.8
ngram2::it would,FALSE,0,10,2,8,0.8
ngram1::higher,FALSE,0,10,2,8,0.8
ngram2::the weather,FALSE,0,10,2,8,0.8
ngram2::to say,TRUE,1,10,8,2,0.8
ngram1::manage,FALSE,0,10,2,8,0.8
ngram1::ago,FALSE,0,10,2,8,0.8
ngram1::took,FALSE,0,10,2,8,0.8
ngram1::generate,FALSE,0,10,2,8,0.8
ngram1::talking,FALSE,0,10,2,8,0.8
ngram1::poems,FALSE,0,10,2,8,0.8
ngram2::and i'm,FALSE,0,10,2,8,0.8
ngram3::the world of,FALSE,0,10,2,8,0.8
ngram3::the amount of,FALSE,0,10,2,8,0.8
ngram1::station,FALSE,0,10,2,8,0.8
