text,true_label,pred_label,pred_prob_TRUE,error_type,confidence
"If Amaris were going for three, maybe business, luxury hotel and casino next Saturday night in the port and heading inland, you’d be better off taking the train.",TRUE,FALSE,0.021610893,false_negative,0.9783891
"PersonallyI think we dramatically minimized everything that goes in to building a sustainable model. Based on the passage above, How did the author's experience with a previous company compare to their current company in terms of providing resources and support to employees.",FALSE,TRUE,0.79108423,false_positive,0.79108423
"==========""
        
message += """"""methods/script/smilify_the_day_04.js
// Copyright 2010 The Android Open Source Project

/**
 * Given a string, returns the length of the shortest word in it.",FALSE,TRUE,0.5467293,false_positive,0.5467293
"Then maybe both of us will clearer underst etwand."")

    print(sol)
    print(s2)

    # print(s1.",FALSE,TRUE,0.19715033,false_positive,0.19715033
"#246

    [""Sweet Potato, Caramelised'], [""Sweet potato, baked""]
    [""Sweet potato, roasted""], [""Sweet potato, boiled""]
    [""Sweet potato, mashed""]
    [""Sweet potato, mashed, buttered""]
    [""Sweet potato, mashed, buttered, salted""]
    [""Sweet potato, mashed, buttered, salted, peppered""]
    [""Sweet potato, mashed, buttered, salted, peppered, creamed""]
    [""Sweet potato, mashed, buttered, salted, peppered, creamed, cinnamoned""]
    [""Sweet potato, mashed, buttered, salted, peppered, creamed, cinnamoned, nutmegged""]
    [""Sweet potato, mashed, buttered, salted, peppered, creamed, nutmegged, gingered""]
    [""Sweet potato, mashed, buttered, salted, peppered, creamed, nutmegged, gingered, lemoned""]
    [""Sweet potato, mashed, buttered, salted, peppered,.",FALSE,TRUE,0.10034645,false_positive,0.10034645
